id,age,sex,url
1,16,female,https://www.instagram.com/p/Bx526JPgGJz/
2,16,male,https://www.instagram.com/p/Bx4pHOVHMu8/
3,17,female,https://www.instagram.com/p/Bx5uZaxHiEG/
4,17,male,https://www.instagram.com/p/BxpPyX1glLj/
5,18,female,https://www.instagram.com/p/Bx58lSoB3td/
6,19,male,https://www.instagram.com/p/BxxMgVGgWYo/
7,20,female,https://www.instagram.com/p/Bx4ykXznyQw/
8,21,male,https://www.instagram.com/p/Bx45pvdAX6a/
9,21,female,https://www.instagram.com/p/Bx6JL1fAx5M/
10,22,female,https://www.instagram.com/p/Bx4jDn4Jadw/
11,22,male,https://www.instagram.com/p/Bx5Hm8KApS-/
12,23,female,https://www.instagram.com/p/Bx2AHcqJ1lc/
13,23,male,https://www.instagram.com/p/BxxM2QzgoTp/
14,24,female,https://www.instagram.com/p/Bx4xdq5HlWv/
15,24,male,https://www.instagram.com/p/Bxw6BACDWat/
16,25,female,https://www.instagram.com/p/Bx3Yk01FiAl/
17,25,male,https://www.instagram.com/p/Bxozl_-F34o/
18,26,male,https://www.instagram.com/p/Bx2Oa1fgNet/
19,26,female,https://www.instagram.com/p/Bx3Wlu5FYvn/
20,27,female,https://www.instagram.com/p/Bx4oHd8B_w0/
21,28,male,https://www.instagram.com/p/Bx4o-cslTIv/
22,29,male,https://www.instagram.com/p/BxpReNZBiOK/
23,29,female,https://www.instagram.com/p/BxhPHqWnp2t/
24,30,female,https://www.instagram.com/p/BvOhrzNgmlZ/
25,31,male,https://www.instagram.com/p/Bxyd_0QnmME/
26,31,female,https://www.instagram.com/p/Bxs-ASPlKmQ/
27,32,male,https://www.instagram.com/p/Bx4v5FMps7I/
28,32,female,https://www.instagram.com/p/BxowXbpl0Oz/
29,33,female,https://www.instagram.com/p/Bvs-JsEn3vn/
30,34,female,https://www.instagram.com/p/Bx01UMllWuP/
31,34,male,https://www.instagram.com/p/Bxq8P3aHxB2/
32,35,male,https://www.instagram.com/p/BkIGPJVF3uO/
33,36,female,https://www.instagram.com/p/BxyjJKJp4di/
34,37,male,https://www.instagram.com/p/BtdUqZ5njOH/
35,37,female,https://www.instagram.com/p/BktXFo-AbfE/
36,38,male,https://www.instagram.com/p/BoMhVKoHiVW/
37,38,female,https://www.instagram.com/p/BLnfTeuj73C/
38,39,female,https://www.instagram.com/p/Bwl8snKHtyf/
39,39,male,https://www.instagram.com/p/Bx2D81JhL3-/
40,40,male,https://www.instagram.com/p/Bx4ZsoGAQgL/
41,41,female,https://www.instagram.com/p/BFJDADMiN3p/
42,42,male,https://www.instagram.com/p/BwOsiidnB5p/
43,43,female,https://www.instagram.com/p/Bulu-84Azt-/
44,44,male,https://www.instagram.com/p/Bx6l1WHnYYf/
45,45,female,https://www.instagram.com/p/BwMbygdlW4a/
46,46,male,https://www.instagram.com/p/BxydG2xhtdE/
47,47,male,https://www.instagram.com/p/Bx1GTKlJEEb/
48,48,female,https://www.instagram.com/p/BxsvkwRB0d_/
49,49,male,https://www.instagram.com/p/BwW80Wfn6_Z/
50,50,male,https://www.instagram.com/p/Bx4No0xBwS5/